userId,productId,quantity,totalPrice
66afaf99737f0b567f958e71,66afaa35008a57212edff42b,1,489.08
66afaf9b737f0b567f959055,66afaa35008a57212edff45e,8,186.65
66afaf9a737f0b567f958fbb,66afaa38008a57212edff55c,4,986.46
66afaf9a737f0b567f958f77,66afaa3a008a57212edff647,10,14.03
66afaf9a737f0b567f958f38,66afaa32008a57212edff351,6,13.62
66afaf9a737f0b567f958faf,66afaa39008a57212edff572,3,896.43
66afaf99737f0b567f958e61,66afaa3a008a57212edff619,9,949.26
66afaf9b737f0b567f9590aa,66afaa36008a57212edff492,4,830.03
66afaf9a737f0b567f958f88,66afaa32008a57212edff32d,9,956.3
66afaf98737f0b567f958e05,66afaa36008a57212edff483,9,736.14
66afaf99737f0b567f958e45,66afaa37008a57212edff4bf,4,768.21
66afaf99737f0b567f958e3c,66afaa34008a57212edff3ea,9,85.99
66afaf9c737f0b567f959128,66afaa37008a57212edff4f1,5,90.77
66afaf9b737f0b567f95906f,66afaa33008a57212edff3b1,10,21.43
66afaf9a737f0b567f958fa4,66afaa3a008a57212edff62b,10,902.88
66afaf9b737f0b567f959017,66afaa39008a57212edff5ae,8,616.21
66afaf9a737f0b567f958f1f,66afaa3b008a57212edff665,9,928.62
66afaf9b737f0b567f959072,66afaa35008a57212edff443,4,251.53
66afaf9a737f0b567f958f89,66afaa3a008a57212edff625,1,860.25
66afaf9a737f0b567f958f41,66afaa37008a57212edff4fd,5,855.02
66afaf9a737f0b567f958fb7,66afaa32008a57212edff35a,10,737.3
66afaf9c737f0b567f959122,66afaa38008a57212edff535,6,832.42
66afaf9b737f0b567f9590cc,66afaa32008a57212edff34f,7,998.21
66afaf9b737f0b567f959086,66afaa31008a57212edff309,2,938.39
66afaf99737f0b567f958e52,66afaa33008a57212edff364,4,439.88
66afaf99737f0b567f958ead,66afaa35008a57212edff410,1,83.03
66afaf9b737f0b567f958ff3,66afaa32008a57212edff33f,2,235.05
66afaf9a737f0b567f958f75,66afaa35008a57212edff45c,6,885.1
66afaf9b737f0b567f959020,66afaa38008a57212edff550,1,989.92
66afaf98737f0b567f958e28,66afaa3a008a57212edff5ed,1,197.93
66afaf9c737f0b567f959115,66afaa3a008a57212edff62b,10,464.92
66afaf9a737f0b567f958f0b,66afaa37008a57212edff4d8,6,917.88
66afaf9b737f0b567f959089,66afaa3a008a57212edff5d8,1,700.35
66afaf9c737f0b567f959177,66afaa3a008a57212edff62d,6,599.08
66afaf9b737f0b567f958fec,66afaa35008a57212edff437,5,176.95
66afaf9a737f0b567f958f12,66afaa39008a57212edff574,10,350.75
66afaf9a737f0b567f958fbd,66afaa36008a57212edff49d,2,412.45
66afaf9c737f0b567f959199,66afaa31008a57212edff2f1,5,670.89
66afaf9b737f0b567f9590dc,66afaa31008a57212edff2fe,9,844.1
66afaf9b737f0b567f959021,66afaa36008a57212edff4a2,9,472.72
66afaf99737f0b567f958eca,66afaa33008a57212edff383,9,348.43
66afaf9b737f0b567f959052,66afaa39008a57212edff5a5,2,377.38
66afaf9a737f0b567f958fc5,66afaa36008a57212edff475,3,939.12
66afaf9c737f0b567f959145,66afaa34008a57212edff3f6,1,530.27
66afaf9c737f0b567f95911b,66afaa34008a57212edff404,3,67.05
66afaf9b737f0b567f959016,66afaa33008a57212edff38b,7,985.9
66afaf9c737f0b567f959166,66afaa30008a57212edff2d5,5,487.45
66afaf9b737f0b567f95900e,66afaa38008a57212edff52d,4,787.18
66afaf9b737f0b567f959078,66afaa3b008a57212edff663,6,754.77
66afaf99737f0b567f958ed1,66afaa36008a57212edff4b3,5,892.19
66afaf9a737f0b567f958f11,66afaa35008a57212edff451,9,929.79
66afaf9c737f0b567f959115,66afaa36008a57212edff49b,5,132.18
66afaf9b737f0b567f958ff5,66afaa32008a57212edff332,7,861.54
66afaf9b737f0b567f959051,66afaa30008a57212edff2d6,2,962.1
66afaf9b737f0b567f959074,66afaa33008a57212edff3ad,7,952.51
66a7df2666f8275bab439120,66afaa30008a57212edff2d3,8,269.28
66afaf9b737f0b567f958fd5,66afaa39008a57212edff5bf,2,153.9
66afaf99737f0b567f958ec1,66afaa34008a57212edff3f6,2,709.53
66afaf9c737f0b567f95917c,66afaa39008a57212edff5bf,10,47.38
66afaf9b737f0b567f95901c,66afaa32008a57212edff32e,3,997.14
66afaf9b737f0b567f959069,66afaa35008a57212edff42a,1,260.72
66afaf9a737f0b567f958fc0,66afaa35008a57212edff424,4,483.1
66afaf9b737f0b567f959043,66afaa32008a57212edff326,5,566.29
66afaf98737f0b567f958ded,66afaa35008a57212edff437,3,728.9
66afaf9a737f0b567f958efb,66afaa31008a57212edff305,5,661.26
66afaf9b737f0b567f958fdd,66afaa39008a57212edff59e,5,638.27
66afaf9b737f0b567f9590e7,66afaa34008a57212edff3cf,1,949.58
66afaf99737f0b567f958e82,66afaa3b008a57212edff650,4,11.26
66afaf98737f0b567f958df1,66afaa32008a57212edff312,2,425.7
66afaf99737f0b567f958e85,66afaa32008a57212edff314,1,522.96
66afaf9a737f0b567f958f17,66afaa3a008a57212edff620,8,125.02
66afaf9a737f0b567f958f5f,66afaa38008a57212edff54d,7,352.06
66afaf9c737f0b567f959192,66afaa35008a57212edff424,10,994.47
66afaf9b737f0b567f959045,66afaa38008a57212edff528,1,351.26
66afaf9a737f0b567f958f4b,66afaa33008a57212edff39a,7,101.8
66afaf9b737f0b567f9590c5,66afaa38008a57212edff544,3,365.2
66afaf99737f0b567f958e9a,66afaa3a008a57212edff610,3,613.33
66afaf99737f0b567f958e90,66afaa38008a57212edff566,6,67.41
66afaf9a737f0b567f958f5e,66afaa37008a57212edff4de,1,286.12
66afaf98737f0b567f958dd9,66afaa32008a57212edff34f,3,528.55
66afaf9b737f0b567f9590b1,66afaa32008a57212edff32c,1,760.29
66afaf98737f0b567f958e17,66afaa38008a57212edff547,8,479.71
66afaf9c737f0b567f959188,66afaa34008a57212edff3d4,2,308.25
66afaf9a737f0b567f958f2a,66afaa38008a57212edff512,3,739.88
66afaf99737f0b567f958e7f,66afaa36008a57212edff4a2,7,963.87
66afaf9b737f0b567f95907a,66afaa39008a57212edff57f,3,579.03
66afaf99737f0b567f958e34,66afaa39008a57212edff5c6,4,900.8
66afaf99737f0b567f958e3f,66afaa35008a57212edff43b,9,335.78
66afaf9b737f0b567f959094,66afaa32008a57212edff31e,3,981.53
66afaf9a737f0b567f958f6a,66afaa31008a57212edff301,8,497.28
66afaf98737f0b567f958e08,66afaa34008a57212edff3f0,10,809.75
66afaf9b737f0b567f9590eb,66afaa3a008a57212edff5f5,10,644.27
66afaf99737f0b567f958e58,66afaa31008a57212edff2f1,9,166.14
66afaf9b737f0b567f958ff1,66afaa37008a57212edff4f8,2,860.72
66afaf9a737f0b567f958f65,66afaa3b008a57212edff653,6,335.07
66afaf9c737f0b567f959185,66afaa33008a57212edff379,10,612.6
66afaf9c737f0b567f959164,66afaa3a008a57212edff640,5,55.23
66afaf9a737f0b567f958f89,66afaa33008a57212edff372,9,80.84
66afaf98737f0b567f958e04,66afaa33008a57212edff3ac,8,448.7
66afaf9c737f0b567f959131,66afaa3a008a57212edff63e,8,813.88
66afaf99737f0b567f958e56,66afaa36008a57212edff4ac,7,31.08
66afaf98737f0b567f958dda,66afaa38008a57212edff55c,5,265.25
66afaf9c737f0b567f959191,66afaa39008a57212edff582,5,485.78
66afaf99737f0b567f958ebe,66afaa37008a57212edff4c5,1,406.74
66afaf98737f0b567f958db6,66afaa33008a57212edff36a,8,815.76
66afaf9c737f0b567f95916d,66afaa3a008a57212edff5f4,7,166.5
66afaf98737f0b567f958dd7,66afaa39008a57212edff5b2,4,131.97
66afaf9b737f0b567f95905d,66afaa35008a57212edff40e,2,193.17
66afaf99737f0b567f958e52,66afaa3a008a57212edff622,9,547.03
66afaf9b737f0b567f959043,66afaa36008a57212edff46e,10,204.6
66afaf9b737f0b567f95900a,66afaa36008a57212edff48a,1,848.54
66afaf9a737f0b567f958f43,66afaa38008a57212edff540,7,333.5
66afaf98737f0b567f958dd1,66afaa31008a57212edff2f1,10,923.81
66afaf9a737f0b567f958fc3,66afaa38008a57212edff514,6,546.89
66afaf9b737f0b567f95908c,66afaa31008a57212edff306,3,615.42
66afaf99737f0b567f958e3b,66afaa37008a57212edff4c9,5,912.69
66afaf99737f0b567f958e40,66afaa38008a57212edff549,3,515.39
66afaf99737f0b567f958e8f,66afaa34008a57212edff3ff,4,667.74
66afaf98737f0b567f958e17,66afaa34008a57212edff3ba,10,668.87
66afaf9a737f0b567f958f46,66afaa31008a57212edff2f4,6,135.96
66afaf98737f0b567f958db2,66afaa32008a57212edff310,9,870.75
66afaf9a737f0b567f958ef5,66afaa31008a57212edff2f9,3,73.67
66afaf9c737f0b567f959106,66afaa31008a57212edff2df,8,550.61
66afaf98737f0b567f958de9,66afaa31008a57212edff2ef,7,279.83
66afaf9b737f0b567f9590a7,66afaa33008a57212edff3a3,2,124.02
66afaf9a737f0b567f958f85,66afaa33008a57212edff366,2,716.54
66afaf99737f0b567f958e55,66afaa38008a57212edff556,3,708.99
66afaf9b737f0b567f959008,66afaa33008a57212edff363,3,912.71
66afaf99737f0b567f958e4c,66afaa32008a57212edff31c,5,57.3
66afaf9b737f0b567f9590a8,66afaa35008a57212edff41b,1,20.67
66afaf98737f0b567f958dce,66afaa31008a57212edff305,9,947.79
66afaf9b737f0b567f959078,66afaa3b008a57212edff666,2,522.3
66afaf9a737f0b567f958f03,66afaa32008a57212edff35a,1,708.48
66afaf9a737f0b567f958f11,66afaa34008a57212edff409,7,944.19
66afaf9a737f0b567f958f54,66afaa37008a57212edff4d8,2,457.64
66afaf9b737f0b567f9590eb,66afaa3a008a57212edff62c,9,608.97
66afaf9b737f0b567f9590b4,66afaa33008a57212edff375,8,869.67
66afaf9c737f0b567f95910c,66afaa34008a57212edff3e1,10,526.41
66afaf98737f0b567f958e14,66afaa3b008a57212edff667,6,674.8
66afaf9b737f0b567f959080,66afaa37008a57212edff506,2,329.22
66afaf9b737f0b567f9590e0,66afaa37008a57212edff502,4,708.39
66afaf9a737f0b567f958f96,66afaa35008a57212edff43d,5,916.12
66afaf9b737f0b567f959016,66afaa33008a57212edff374,6,578.84
66afaf9c737f0b567f95910e,66afaa38008a57212edff54a,8,19.46
66afaf9a737f0b567f958f39,66afaa39008a57212edff574,1,637.71
66afaf99737f0b567f958e85,66afaa39008a57212edff5ad,3,532.9
66afaf98737f0b567f958df3,66afaa36008a57212edff46b,3,658.88
66afaf9a737f0b567f958f56,66afaa38008a57212edff51a,7,647.33
66afaf9b737f0b567f958ffa,66afaa37008a57212edff4db,8,38.19
66afaf9b737f0b567f95901c,66afaa38008a57212edff540,10,189.31
66afaf9a737f0b567f958f7b,66afaa32008a57212edff34f,7,642.49
66afaf9a737f0b567f958f4f,66afaa3b008a57212edff666,3,539.17
66afaf9a737f0b567f958fbc,66afaa32008a57212edff328,9,508.17
66afaf9a737f0b567f958f9f,66afaa39008a57212edff59f,7,896.21
66afaf98737f0b567f958e22,66afaa39008a57212edff585,10,555.75
66afaf9a737f0b567f958f5a,66afaa38008a57212edff553,8,863.8
66afaf9c737f0b567f959153,66afaa3b008a57212edff664,4,305.97
66afaf9a737f0b567f958fcb,66afaa3a008a57212edff649,7,119.49
66afaf9b737f0b567f9590b7,66afaa37008a57212edff4c3,10,428.04
66afaf99737f0b567f958e5f,66afaa37008a57212edff4f5,4,652.78
66afaf99737f0b567f958e3d,66afaa38008a57212edff514,10,518.29
66afaf9a737f0b567f958f5b,66afaa36008a57212edff48a,5,943.1
66afaf9b737f0b567f9590ed,66afaa3b008a57212edff64f,2,608.32
66afaf98737f0b567f958e07,66afaa38008a57212edff55f,2,718.51
66afaf9b737f0b567f958fd4,66afaa33008a57212edff398,8,104.85
66afaf99737f0b567f958e4c,66afaa39008a57212edff5a2,2,797.84
66afaf9a737f0b567f958efd,66afaa36008a57212edff48a,6,432.86
66afaf98737f0b567f958dd4,66afaa37008a57212edff4be,5,761.51
66afaf9c737f0b567f95917e,66afaa34008a57212edff3ff,4,367.34
66afaf9c737f0b567f959129,66afaa31008a57212edff2dd,6,450.71
66afaf98737f0b567f958df9,66afaa31008a57212edff2e3,6,683.87
66afaf99737f0b567f958e68,66afaa3a008a57212edff644,3,961.61
66afaf98737f0b567f958df5,66afaa37008a57212edff4fc,1,421.4
66afaf98737f0b567f958e1f,66afaa31008a57212edff2ff,5,519.35
66afaf98737f0b567f958dd5,66afaa39008a57212edff5ac,1,43
66afaf98737f0b567f958df6,66afaa32008a57212edff327,7,902.75
66afaf9a737f0b567f958f74,66afaa3a008a57212edff63f,9,500.23
66afaf99737f0b567f958e70,66afaa32008a57212edff334,5,875.24
66afaf9b737f0b567f9590bb,66afaa39008a57212edff5c0,7,130.7
66afaf99737f0b567f958eb9,66afaa30008a57212edff2cc,4,509.09
66afaf9b737f0b567f9590ed,66afaa38008a57212edff55e,4,662.54
66afaf9a737f0b567f958ef7,66afaa32008a57212edff33c,6,282.55
66afaf9b737f0b567f9590df,66afaa34008a57212edff3d3,2,908.94
66afaf9a737f0b567f958fca,66afaa32008a57212edff358,4,916.8
66afaf98737f0b567f958db2,66afaa37008a57212edff4d2,8,189.87
66afaf9a737f0b567f958f82,66afaa33008a57212edff363,3,875.03
66afaf99737f0b567f958e4f,66afaa34008a57212edff3bc,3,738.53
66afaf99737f0b567f958ebe,66afaa33008a57212edff360,5,500.26
66afaf9a737f0b567f958f60,66afaa34008a57212edff3de,6,689.83
66afaf99737f0b567f958eca,66afaa36008a57212edff4a9,1,678.77
66afaf98737f0b567f958dde,66afaa35008a57212edff422,9,200.74
66afaf9b737f0b567f9590e8,66afaa33008a57212edff3a4,9,628.56
66afaf9b737f0b567f958fe3,66afaa32008a57212edff32f,5,999.47
66afaf99737f0b567f958eb4,66afaa36008a57212edff4af,4,212.87
66afaf98737f0b567f958df4,66afaa38008a57212edff525,9,975.05
66afaf9b737f0b567f95905c,66afaa36008a57212edff49a,5,779.6
66afaf9a737f0b567f958f66,66afaa36008a57212edff47d,3,12.03
66afaf99737f0b567f958e67,66afaa31008a57212edff2f0,4,712.46
66afaf9a737f0b567f958f89,66afaa31008a57212edff2e0,8,895.22
66afaf9b737f0b567f95906a,66afaa33008a57212edff376,5,89.26
66afaf9b737f0b567f959103,66afaa36008a57212edff496,5,469.11
66afaf98737f0b567f958ded,66afaa3a008a57212edff5de,3,103.6
66afaf9b737f0b567f95903f,66afaa31008a57212edff2da,2,570.49
66afaf9c737f0b567f95910c,66afaa38008a57212edff514,10,952.01
66afaf99737f0b567f958e95,66afaa32008a57212edff321,7,573.69
66afaf98737f0b567f958e0e,66afaa3a008a57212edff617,1,277.28
66afaf9a737f0b567f958f62,66afaa37008a57212edff4ef,7,199.7
66afaf99737f0b567f958e7c,66afaa32008a57212edff32e,9,365.86
66afaf98737f0b567f958db5,66afaa34008a57212edff3c1,1,811.84
66afaf9b737f0b567f9590d9,66afaa3a008a57212edff5e7,10,721.95
66afaf99737f0b567f958e92,66afaa35008a57212edff415,9,437.97
66afaf9b737f0b567f9590f0,66afaa36008a57212edff47e,8,531.15
66afaf9c737f0b567f95911a,66afaa32008a57212edff312,4,298.29
66afaf9b737f0b567f959076,66afaa39008a57212edff5c4,8,636.74
66afaf9a737f0b567f958f36,66afaa37008a57212edff4ba,1,513.3
66afaf9c737f0b567f959156,66afaa34008a57212edff3f9,5,321.77
66afaf9a737f0b567f958fbb,66afaa31008a57212edff2ec,3,631.12
66afaf9a737f0b567f958f87,66afaa30008a57212edff2ca,8,962.51
66afaf9c737f0b567f959113,66afaa36008a57212edff49b,9,562.14
66afaf9a737f0b567f958fb0,66afaa38008a57212edff520,5,954.84
66afaf9b737f0b567f9590d7,66afaa3a008a57212edff623,9,803.47
66afaf9a737f0b567f958f74,66afaa38008a57212edff51d,6,690.27
66afaf9b737f0b567f95908c,66afaa3b008a57212edff653,7,705
66afaf98737f0b567f958dcc,66afaa35008a57212edff41f,4,513
66afaf9b737f0b567f958fff,66afaa33008a57212edff380,10,229.02
66afaf9b737f0b567f9590b2,66afaa37008a57212edff4e9,6,614.58
66afaf9a737f0b567f958fc4,66afaa3a008a57212edff609,6,580.39
66afaf9b737f0b567f95905e,66afaa31008a57212edff2d7,1,562.72
66afaf99737f0b567f958ede,66afaa3a008a57212edff61b,6,294.1
66afaf99737f0b567f958e5f,66afaa38008a57212edff54f,5,446.26
66afaf9c737f0b567f95916f,66afaa3a008a57212edff629,1,815.09
66afaf9a737f0b567f958fb9,66afaa3a008a57212edff5e8,2,591.31
66afaf9a737f0b567f958fa6,66afaa36008a57212edff491,2,318.23
66afaf9b737f0b567f958fe9,66afaa37008a57212edff4e3,4,505.71
66afaf9b737f0b567f958feb,66afaa3a008a57212edff62b,9,208.39
66afaf99737f0b567f958e96,66afaa31008a57212edff2e2,7,554.69
66a7df1466f8275bab43911f,66afaa36008a57212edff4a9,9,843.97
66afaf9b737f0b567f958fe8,66afaa31008a57212edff2f0,8,148.7
66afaf99737f0b567f958ebb,66afaa33008a57212edff3a4,5,194.01
66afaf98737f0b567f958e29,66afaa3a008a57212edff5ed,5,804.41
66afaf98737f0b567f958e19,66afaa3a008a57212edff602,10,958.43
66afaf9b737f0b567f959031,66afaa34008a57212edff3c0,7,115.78
66afaf9a737f0b567f958ef8,66afaa3a008a57212edff5f4,5,635.66
66afaf9b737f0b567f959017,66afaa33008a57212edff398,7,393.48
66afaf9c737f0b567f959108,66afaa3a008a57212edff5f2,4,197.88
66afaf9c737f0b567f959178,66afaa33008a57212edff387,1,373.85
66afaf98737f0b567f958e19,66afaa36008a57212edff466,2,948.87
66afaf9b737f0b567f95906c,66afaa38008a57212edff55e,1,398.68
66afaf98737f0b567f958dcf,66afaa31008a57212edff2f1,1,448.75
66afaf98737f0b567f958dc6,66afaa35008a57212edff434,1,21.7
66afaf9b737f0b567f9590de,66afaa36008a57212edff4a9,8,683.37
66afaf9b737f0b567f958fee,66afaa3a008a57212edff5f4,1,643.9
66afaf99737f0b567f958ee3,66afaa35008a57212edff462,4,509.26
66afaf9a737f0b567f958f85,66afaa37008a57212edff4fc,10,885.59
66afaf9b737f0b567f9590d0,66afaa3a008a57212edff61e,4,183.38
66afaf9a737f0b567f958fa5,66afaa35008a57212edff417,2,72.53
66afaf9a737f0b567f958fbf,66afaa35008a57212edff446,6,279.61
66afaf99737f0b567f958e40,66afaa38008a57212edff52f,1,493.19
66afaf98737f0b567f958dd7,66afaa32008a57212edff341,1,702.11
66afaf9c737f0b567f959193,66afaa37008a57212edff4e1,6,718.37
66afaf9b737f0b567f959050,66afaa31008a57212edff2f9,10,445.46
66afaf98737f0b567f958de1,66afaa38008a57212edff557,9,205.81
66afaf9b737f0b567f958fed,66afaa37008a57212edff4dd,9,153.55
66afaf9a737f0b567f958f8c,66afaa34008a57212edff3f8,6,586.26
66afaf9b737f0b567f959008,66afaa3a008a57212edff609,8,545.67
66afaf9c737f0b567f959152,66afaa38008a57212edff564,4,64.27
66afaf9b737f0b567f9590bf,66afaa38008a57212edff550,8,814.42
66afaf9a737f0b567f958f7f,66afaa3a008a57212edff63b,2,577.01
66afaf9c737f0b567f959195,66afaa38008a57212edff525,1,453.47
66afaf9b737f0b567f95905f,66afaa35008a57212edff44d,2,941.26
66afaf9b737f0b567f9590aa,66afaa33008a57212edff378,5,428.43
66afaf9a737f0b567f958f6f,66afaa32008a57212edff328,4,756.77
66afaf9a737f0b567f958efa,66afaa33008a57212edff39e,4,153.99
66afaf9b737f0b567f959061,66afaa39008a57212edff5a1,4,52.53
66afaf9b737f0b567f958ff8,66afaa38008a57212edff531,3,806.61
66afaf9c737f0b567f959177,66afaa39008a57212edff580,3,252.12
66afaf9a737f0b567f958f8e,66afaa34008a57212edff3b8,8,431.18
66afaf98737f0b567f958df6,66afaa36008a57212edff49b,3,193.59
66afaf9a737f0b567f958f98,66afaa33008a57212edff378,4,232.26
66afaf9a737f0b567f958f36,66afaa39008a57212edff5bd,3,869.88
66afaf99737f0b567f958e9f,66afaa39008a57212edff56d,2,465.47
66afaf9b737f0b567f9590ae,66afaa37008a57212edff4e7,9,263.7
66afaf9a737f0b567f958fae,66afaa34008a57212edff3b5,7,490.71
66afaf98737f0b567f958dd7,66afaa35008a57212edff42d,8,436.04
66afaf99737f0b567f958e31,66afaa35008a57212edff421,2,896.15
66afaf9c737f0b567f95918f,66afaa38008a57212edff50b,9,239.82
66afaf9a737f0b567f958f13,66afaa38008a57212edff52d,1,120.83
66afaf9a737f0b567f958f75,66afaa37008a57212edff4e9,1,131.04
66afaf99737f0b567f958ea3,66afaa38008a57212edff515,4,430.18
66afaf9a737f0b567f958f41,66afaa33008a57212edff38d,10,998.81
66afaf9b737f0b567f959060,66afaa34008a57212edff3e0,9,295.52
66afaf9b737f0b567f959040,66afaa32008a57212edff312,7,964.02
66afaf9a737f0b567f958f12,66afaa36008a57212edff46c,4,58.26
66afaf9b737f0b567f958ff3,66afaa32008a57212edff340,4,931.03
66afaf9a737f0b567f958f72,66afaa34008a57212edff3e5,2,984.03
66afaf9b737f0b567f959087,66afaa35008a57212edff40a,6,190.87
66afaf98737f0b567f958df4,66afaa36008a57212edff4ac,6,218.74
66afaf99737f0b567f958e6c,66afaa39008a57212edff56b,7,728.93
66afaf98737f0b567f958de0,66afaa38008a57212edff562,6,432.28
66afaf9a737f0b567f958f6c,66afaa35008a57212edff45c,10,168.88
66afaf98737f0b567f958df7,66afaa39008a57212edff5a3,6,171.89
66afaf98737f0b567f958e08,66afaa34008a57212edff3bd,10,970.01
66afaf9a737f0b567f958f04,66afaa3a008a57212edff5f0,10,483.11
66afaf9a737f0b567f958f8a,66afaa34008a57212edff3fd,10,480.73
66afaf9b737f0b567f95904f,66afaa35008a57212edff45c,3,769.29
66afaf99737f0b567f958e34,66afaa36008a57212edff48c,6,616.48
66afaf9b737f0b567f9590e5,66afaa32008a57212edff329,8,937.44
66afaf9a737f0b567f958f6b,66afaa33008a57212edff3a9,5,252.89
66afaf9c737f0b567f959178,66afaa3a008a57212edff61a,3,349.64
66afaf9b737f0b567f959051,66afaa37008a57212edff4fb,7,293.83
66afaf9b737f0b567f959030,66afaa3a008a57212edff5f4,1,479.44
66afaf9b737f0b567f95901d,66afaa34008a57212edff3eb,10,184.72
66afaf9a737f0b567f958f2f,66afaa38008a57212edff51f,6,535.72
66afaf99737f0b567f958e69,66afaa34008a57212edff3f6,3,349.04
66afaf9b737f0b567f9590c7,66afaa38008a57212edff511,3,339.24
66afaf9a737f0b567f958f05,66afaa37008a57212edff4e9,1,364.93
66afaf9a737f0b567f958fb2,66afaa33008a57212edff365,4,702.67
66afaf99737f0b567f958e48,66afaa33008a57212edff378,9,41.79
66afaf9a737f0b567f958f65,66afaa36008a57212edff49e,10,877.34
66afaf98737f0b567f958df3,66afaa38008a57212edff53a,8,972.2
66afaf9b737f0b567f959025,66afaa38008a57212edff528,6,768.39
66afaf9b737f0b567f958ffa,66afaa39008a57212edff593,3,669.53
66afaf99737f0b567f958e6f,66afaa3a008a57212edff5d0,7,645.92
66afaf98737f0b567f958dc8,66afaa3a008a57212edff622,3,827.17
66afaf9b737f0b567f9590e7,66afaa36008a57212edff4aa,7,192.93
66afaf98737f0b567f958e04,66afaa3b008a57212edff64c,5,912.4
66afaf9b737f0b567f959096,66afaa39008a57212edff58b,2,824.03
66afaf9b737f0b567f958fd9,66afaa38008a57212edff54c,9,472.47
66afaf9b737f0b567f9590e6,66afaa38008a57212edff537,2,963.14
66afaf98737f0b567f958e0e,66afaa39008a57212edff5a3,2,107.28
66afaf9c737f0b567f959148,66afaa39008a57212edff5b7,10,95.35
66afaf9c737f0b567f959183,66afaa3a008a57212edff645,9,831.11
66afaf99737f0b567f958e35,66afaa38008a57212edff544,9,513.79
66afaf9c737f0b567f95912a,66afaa36008a57212edff4b0,9,594
66afaf99737f0b567f958e77,66afaa37008a57212edff4c4,10,45.23
66afaf9b737f0b567f9590f6,66afaa3a008a57212edff639,5,233.41
66afaf9a737f0b567f958f4a,66afaa32008a57212edff30d,1,868.45
66afaf9a737f0b567f958f7a,66afaa32008a57212edff344,4,778.6
66afaf98737f0b567f958e22,66afaa33008a57212edff398,1,564.33
66afaf9a737f0b567f958fc0,66afaa3a008a57212edff5ea,4,772.91
66afaf99737f0b567f958ed4,66afaa33008a57212edff384,9,154.93
66afaf9a737f0b567f958f11,66afaa37008a57212edff4de,8,447.05
66afaf99737f0b567f958e30,66afaa3b008a57212edff65a,7,777.91
66afaf99737f0b567f958e70,66afaa34008a57212edff3dd,1,612.11
66afaf99737f0b567f958e66,66afaa33008a57212edff38a,7,720.13
66afaf9a737f0b567f958f18,66afaa35008a57212edff41d,1,125.36
66afaf9a737f0b567f958fb8,66afaa37008a57212edff4de,6,78.42
66afaf99737f0b567f958ebb,66afaa34008a57212edff3c6,8,670.93
66afaf9b737f0b567f959069,66afaa39008a57212edff591,8,995.75
66afaf9a737f0b567f958f4b,66afaa3a008a57212edff635,10,656.22
66afaf99737f0b567f958e42,66afaa33008a57212edff37c,7,448.04
66afaf98737f0b567f958dbe,66afaa39008a57212edff59b,9,666.83
66afaf99737f0b567f958e93,66afaa33008a57212edff387,7,394.63
66afaf99737f0b567f958ea1,66afaa33008a57212edff393,8,20.61
66afaf99737f0b567f958ed5,66afaa3b008a57212edff661,6,11.9
66afaf9b737f0b567f95902b,66a7e4dc5dc7ed643dbaa57b,3,140.08
66afaf9c737f0b567f959144,66afaa3a008a57212edff620,6,135.27
66afaf9b737f0b567f959079,66afaa34008a57212edff3d4,2,533.05
66afaf9b737f0b567f9590e8,66afaa38008a57212edff51c,3,431.99
66afaf9b737f0b567f9590ad,66afaa35008a57212edff463,5,735.62
66afaf9b737f0b567f95906c,66afaa36008a57212edff47b,4,194.07
66afaf9c737f0b567f959142,66afaa37008a57212edff4d0,8,744.72
66afaf98737f0b567f958e19,66afaa34008a57212edff3eb,5,130.89
66afaf9b737f0b567f959045,66afaa35008a57212edff427,8,401.65
66afaf99737f0b567f958e65,66afaa39008a57212edff5a1,10,266.05
66afaf99737f0b567f958e7c,66afaa33008a57212edff3a1,9,528.31
66afaf9b737f0b567f959079,66afaa38008a57212edff529,1,917.46
66afaf9a737f0b567f958f11,66afaa38008a57212edff524,3,818.92
66afaf98737f0b567f958de5,66afaa36008a57212edff4ae,10,876.4
66afaf9a737f0b567f958fb6,66afaa38008a57212edff553,4,811.01
66afaf99737f0b567f958ec3,66afaa39008a57212edff5a5,8,506.87
66afaf9b737f0b567f959072,66afaa31008a57212edff308,3,462.58
66afaf98737f0b567f958e12,66afaa3a008a57212edff636,8,681.5
66afaf9a737f0b567f958f2f,66afaa34008a57212edff3f9,5,323.64
66afaf9b737f0b567f959014,66afaa34008a57212edff3fd,6,216.77
66afaf9a737f0b567f958fac,66afaa38008a57212edff539,8,727.48
66afaf9b737f0b567f95909c,66afaa32008a57212edff32e,1,384.3
66afaf9c737f0b567f95916b,66afaa33008a57212edff397,3,32.36
66afaf9a737f0b567f958fae,66afaa3a008a57212edff5d2,2,341.78
66afaf98737f0b567f958de0,66afaa35008a57212edff415,1,146.85
66afaf9b737f0b567f958fd1,66afaa33008a57212edff387,9,495.62
66afaf9b737f0b567f95901a,66afaa34008a57212edff3d4,10,498.34
66afaf9c737f0b567f95915e,66afaa3a008a57212edff620,2,909.56
66afaf9c737f0b567f959134,66afaa37008a57212edff501,7,271.11
66afaf9b737f0b567f958fee,66afaa37008a57212edff507,5,60.12
66afaf98737f0b567f958e15,66afaa33008a57212edff39b,9,586.79
66afaf9c737f0b567f959123,66afaa36008a57212edff4b7,3,610.43
66afaf98737f0b567f958dfa,66afaa32008a57212edff30d,1,55.98
66afaf98737f0b567f958e23,66afaa31008a57212edff2dc,9,155.47
66afaf9b737f0b567f9590dc,66afaa35008a57212edff45c,2,236.34
66afaf9c737f0b567f95913e,66afaa37008a57212edff4f5,10,809.61
66afaf9b737f0b567f959100,66afaa34008a57212edff3d0,1,621.24
66afaf9b737f0b567f959070,66afaa37008a57212edff4e8,1,370.99
66afaf9a737f0b567f958ef4,66afaa3b008a57212edff662,10,172.95
66afaf9a737f0b567f958f2b,66afaa33008a57212edff37d,9,320.33
66afaf98737f0b567f958dba,66afaa33008a57212edff379,2,402.72
66afaf9a737f0b567f958f86,66afaa33008a57212edff368,9,710.11
66afaf9a737f0b567f958f72,66afaa35008a57212edff418,10,324.11
66afaf9b737f0b567f9590e8,66afaa33008a57212edff382,6,616.37
66afaf9a737f0b567f958f3d,66afaa3b008a57212edff64f,2,845.49
66afaf9a737f0b567f958f4b,66afaa31008a57212edff2dd,9,216.62
66afaf9a737f0b567f958f2f,66afaa3b008a57212edff657,6,492.71
66afaf98737f0b567f958e24,66afaa3a008a57212edff611,9,292.35
66afaf98737f0b567f958e2e,66afaa35008a57212edff413,3,273.64
66afaf9c737f0b567f959140,66afaa32008a57212edff314,7,535.56
66afaf9b737f0b567f959089,66afaa35008a57212edff43b,6,888.78
66afaf98737f0b567f958dc9,66afaa39008a57212edff57d,5,625.48
66afaf9b737f0b567f959028,66afaa39008a57212edff5ba,4,554.79
66afaf9b737f0b567f9590eb,66afaa30008a57212edff2d1,2,129.84
66afaf9b737f0b567f9590ea,66afaa32008a57212edff31a,4,401.09
66afaf99737f0b567f958edd,66afaa3a008a57212edff5f4,7,24.56
66afaf98737f0b567f958ddf,66afaa32008a57212edff351,1,772.92
66afaf9b737f0b567f95908e,66afaa33008a57212edff367,7,801.37
66afaf99737f0b567f958e50,66afaa34008a57212edff3c6,10,239.07
66afaf9a737f0b567f958fab,66afaa32008a57212edff32d,10,220.04
66afaf99737f0b567f958e9b,66afaa3a008a57212edff5f2,9,704.63
66afaf98737f0b567f958df0,66afaa37008a57212edff4f6,10,798.16
66afaf9b737f0b567f959094,66afaa3a008a57212edff627,6,866.17
66afaf98737f0b567f958e17,66afaa33008a57212edff366,2,897.74
66afaf9c737f0b567f959191,66afaa38008a57212edff51e,4,683.81
66afaf9a737f0b567f958f3f,66afaa36008a57212edff495,5,921.97
66afaf9a737f0b567f958f0d,66afaa33008a57212edff3ae,9,257.01
66afaf98737f0b567f958dca,66afaa37008a57212edff4e1,2,647.78
66afaf9a737f0b567f958f21,66afaa35008a57212edff453,5,599.35
66afaf9c737f0b567f959131,66afaa31008a57212edff2fb,7,361.2
66afaf9b737f0b567f959083,66afaa35008a57212edff40e,3,469.44
66afaf9b737f0b567f958fd4,66afaa35008a57212edff415,6,839.98
66afaf99737f0b567f958ed5,66afaa34008a57212edff3ec,9,760.19
66afaf98737f0b567f958deb,66afaa33008a57212edff35c,1,495.39
66afaf9b737f0b567f95907b,66afaa39008a57212edff585,5,622.16
66afaf9a737f0b567f958f8e,66afaa36008a57212edff4af,8,991.23
66afaf9c737f0b567f959136,66afaa32008a57212edff355,7,877.24
66afaf99737f0b567f958e9b,66afaa38008a57212edff53c,2,650.82
66afaf98737f0b567f958db6,66afaa39008a57212edff5c3,8,619.71
66afaf98737f0b567f958e28,66afaa35008a57212edff442,5,583.73
66afaf99737f0b567f958ea9,66afaa38008a57212edff511,10,864.92
66afaf9a737f0b567f958fb3,66afaa3a008a57212edff5da,7,93.57
66afaf9b737f0b567f9590e7,66afaa31008a57212edff2e8,2,987.93
66afaf9b737f0b567f95900c,66afaa3b008a57212edff64b,1,707.77
66afaf98737f0b567f958dd0,66afaa37008a57212edff4fd,2,644.44
66afaf98737f0b567f958e04,66afaa31008a57212edff2e9,2,784.65
66afaf99737f0b567f958e66,66afaa34008a57212edff3cf,5,320.15
66afaf98737f0b567f958dc3,66afaa3a008a57212edff5e4,7,46.65
66afaf9c737f0b567f959127,66afaa37008a57212edff4e0,4,706.8
66afaf99737f0b567f958e54,66afaa32008a57212edff356,3,377.56
66afaf9a737f0b567f958f31,66afaa33008a57212edff369,3,558.38
66afaf9b737f0b567f9590ae,66afaa37008a57212edff4c8,5,547.43
66afaf9b737f0b567f9590d9,66afaa3a008a57212edff63e,10,148.57
66afaf9b737f0b567f959017,66afaa33008a57212edff37f,1,248.45
66afaf9b737f0b567f95902f,66afaa38008a57212edff55a,7,648.16
66afaf9c737f0b567f959150,66afaa39008a57212edff572,1,190.33
66afaf99737f0b567f958ecb,66afaa33008a57212edff375,9,657.69
66afaf9b737f0b567f9590d4,66afaa33008a57212edff394,3,373.3
66afaf99737f0b567f958eca,66afaa38008a57212edff55c,2,807.11
66afaf9b737f0b567f9590a7,66afaa36008a57212edff4a3,5,481.91
66afaf9c737f0b567f959109,66afaa35008a57212edff40d,1,900.42
66afaf9a737f0b567f958f2c,66afaa38008a57212edff509,10,762.96
66afaf98737f0b567f958dda,66afaa34008a57212edff3fb,1,917.77
66afaf99737f0b567f958e59,66afaa34008a57212edff3b8,8,642.44
66afaf9b737f0b567f9590cd,66afaa32008a57212edff336,10,179.29
66afaf9a737f0b567f958f83,66afaa32008a57212edff31d,6,744.6
66afaf99737f0b567f958e68,66afaa35008a57212edff43c,3,609.5
66afaf9a737f0b567f958f65,66afaa39008a57212edff574,1,156.76
66afaf9b737f0b567f958fd8,66afaa39008a57212edff56f,8,772.35
66afaf99737f0b567f958e3a,66afaa34008a57212edff3cc,1,411.6
66a7df5966f8275bab439122,66afaa32008a57212edff33e,9,948.61
66afaf99737f0b567f958e8d,66afaa37008a57212edff4f2,9,374.96
66afaf9c737f0b567f95913e,66afaa36008a57212edff4b7,1,481.66
66afaf9a737f0b567f958f09,66afaa34008a57212edff3cd,1,922.48
66afaf99737f0b567f958ea3,66afaa30008a57212edff2cd,5,150.94
66afaf9c737f0b567f95912f,66afaa37008a57212edff506,1,50.02
66afaf99737f0b567f958e41,66afaa34008a57212edff3ca,3,463.76
66afaf98737f0b567f958dff,66afaa33008a57212edff396,2,297.88
66afaf9b737f0b567f959046,66afaa33008a57212edff389,6,150.37
66afaf9a737f0b567f958f72,66afaa37008a57212edff4b9,10,839.81
66afaf9b737f0b567f959048,66afaa3b008a57212edff64c,8,659.53
66afaf9a737f0b567f958f0d,66afaa39008a57212edff5b4,10,680.98
66afaf9b737f0b567f959069,66afaa39008a57212edff58f,3,822.33
66afaf9b737f0b567f9590ee,66afaa34008a57212edff3be,2,376.24
66afaf9b737f0b567f959036,66afaa32008a57212edff323,4,14.05
66afaf9a737f0b567f958fbc,66afaa36008a57212edff47d,5,750.56
66afaf9b737f0b567f9590ce,66afaa37008a57212edff4bf,1,120.19
66afaf9c737f0b567f959133,66afaa39008a57212edff59f,1,132.29
66afaf9b737f0b567f9590e9,66afaa35008a57212edff45e,7,630.22
66afaf9b737f0b567f959055,66afaa33008a57212edff390,6,415.47
66afaf98737f0b567f958ddc,66afaa37008a57212edff4b8,8,438.72
66afaf99737f0b567f958ee7,66afaa33008a57212edff35f,9,607.12
66afaf98737f0b567f958ddb,66afaa39008a57212edff576,6,364.02
66afaf9b737f0b567f9590e9,66afaa3b008a57212edff668,3,787.67
66afaf99737f0b567f958e81,66afaa3b008a57212edff65b,7,296.18
66afaf9a737f0b567f958fa6,66afaa31008a57212edff2d8,6,833.38
66afaf9c737f0b567f959114,66afaa35008a57212edff45a,8,201.37
66afaf9b737f0b567f95902e,66afaa35008a57212edff417,2,555.6
66afaf9b737f0b567f959092,66afaa31008a57212edff2fa,5,763.32
66afaf9a737f0b567f958f72,66afaa32008a57212edff356,10,662.98
66afaf9a737f0b567f958f05,66afaa3a008a57212edff5e5,8,350.25
66afaf9a737f0b567f958fa0,66afaa34008a57212edff3d1,7,794.54
66afaf99737f0b567f958e83,66afaa36008a57212edff46e,5,951.25
66afaf9c737f0b567f959117,66afaa37008a57212edff4d8,9,353.33
66afaf9c737f0b567f95916d,66afaa38008a57212edff52f,8,510.73
66afaf99737f0b567f958e91,66afaa34008a57212edff3e1,4,758.64
66afaf99737f0b567f958e94,66afaa3a008a57212edff600,1,533.53
66afaf98737f0b567f958dce,66afaa39008a57212edff5bc,4,303.29
66afaf99737f0b567f958e3c,66afaa38008a57212edff525,10,723.95
66afaf9b737f0b567f95901f,66afaa3b008a57212edff653,4,742.98
66afaf9c737f0b567f959151,66afaa35008a57212edff457,9,665.91
66afaf98737f0b567f958e08,66afaa32008a57212edff315,10,140.06
66afaf9b737f0b567f9590c6,66afaa38008a57212edff568,10,328.87
66afaf9c737f0b567f959157,66afaa37008a57212edff4e4,5,52.77
66afaf9a737f0b567f958f48,66afaa3b008a57212edff64b,6,207.68
66afaf9c737f0b567f959109,66afaa32008a57212edff33d,2,925.44
66afaf9b737f0b567f959051,66afaa39008a57212edff59c,8,525.83
66afaf99737f0b567f958e7b,66afaa35008a57212edff41e,3,264.21
66afaf9b737f0b567f9590ef,66afaa3a008a57212edff5df,3,712.67
66afaf99737f0b567f958e7e,66afaa3a008a57212edff631,10,566.9
66afaf99737f0b567f958ea3,66afaa34008a57212edff3bf,4,657.08
66afaf9a737f0b567f958f84,66afaa33008a57212edff3aa,1,581.09
66afaf9a737f0b567f958f42,66afaa3b008a57212edff664,10,603.07
66afaf9a737f0b567f958fbb,66afaa36008a57212edff499,5,866.93
66afaf99737f0b567f958ed9,66afaa36008a57212edff465,6,808.06
66afaf9b737f0b567f959061,66afaa31008a57212edff2ea,1,405.93
66afaf98737f0b567f958e26,66afaa38008a57212edff519,6,383.85
66afaf9b737f0b567f958ffd,66afaa35008a57212edff411,9,70.4
66afaf9a737f0b567f958f8f,66afaa36008a57212edff49e,3,174.56
66afaf9c737f0b567f959172,66afaa37008a57212edff4e7,4,893.68
66afaf98737f0b567f958ded,66afaa36008a57212edff48e,5,414.19
66afaf9a737f0b567f958f22,66afaa3a008a57212edff635,7,19.18
66afaf9b737f0b567f959012,66afaa37008a57212edff4dd,7,562.65
66afaf9a737f0b567f958f8a,66afaa38008a57212edff559,2,882.78
66afaf9c737f0b567f959175,66afaa32008a57212edff334,8,207.99
66afaf99737f0b567f958e93,66afaa34008a57212edff3bb,1,816.64
66afaf98737f0b567f958de5,66afaa32008a57212edff320,10,481.69
66afaf99737f0b567f958eab,66afaa36008a57212edff46c,8,563.01
66afaf9c737f0b567f959133,66afaa3a008a57212edff63e,2,381.56
66afaf99737f0b567f958e4f,66afaa3a008a57212edff615,6,822.72
66afaf99737f0b567f958edb,66afaa33008a57212edff35b,6,528.24
66afaf9b737f0b567f9590cd,66afaa33008a57212edff3af,8,315.46
66afaf99737f0b567f958eb4,66afaa33008a57212edff395,4,475.18
66afaf99737f0b567f958eed,66afaa35008a57212edff41f,5,298.19
66afaf98737f0b567f958e2b,66afaa36008a57212edff4b1,6,281.31
66afaf99737f0b567f958e70,66afaa33008a57212edff369,6,690.36
66afaf9c737f0b567f959177,66afaa34008a57212edff3f6,6,405.69
66afaf9b737f0b567f959016,66afaa37008a57212edff4fd,8,479.74
66afaf9c737f0b567f959126,66afaa33008a57212edff3af,10,727.28
66afaf99737f0b567f958e49,66afaa39008a57212edff5a7,5,48.54
66afaf9b737f0b567f9590fa,66afaa37008a57212edff4da,1,97.01
66afaf9a737f0b567f958f66,66afaa37008a57212edff502,2,997.22
66afaf99737f0b567f958eef,66afaa35008a57212edff41e,10,54.96
66afaf9b737f0b567f9590ba,66afaa3b008a57212edff666,6,714.34
66afaf9b737f0b567f959001,66afaa35008a57212edff454,6,964.32
66afaf98737f0b567f958e19,66afaa35008a57212edff45c,7,205.13
66afaf99737f0b567f958ea1,66afaa38008a57212edff55c,5,91.59
66afaf99737f0b567f958e74,66afaa34008a57212edff3ec,5,740.47
66afaf9b737f0b567f9590a5,66afaa39008a57212edff577,4,236.91
66afaf9c737f0b567f959166,66afaa36008a57212edff476,6,371.89
66afaf9b737f0b567f959023,66afaa36008a57212edff474,8,464.49
66afaf99737f0b567f958e5e,66afaa38008a57212edff53f,2,862.31
66afaf99737f0b567f958eee,66afaa32008a57212edff32c,8,524.94
66a7df4266f8275bab439121,66afaa34008a57212edff3fb,1,895.94
66afaf99737f0b567f958eac,66afaa3a008a57212edff5ff,4,203
66afaf9c737f0b567f95916f,66afaa33008a57212edff389,8,701.97
66afaf9a737f0b567f958f66,66afaa39008a57212edff5ae,10,422.99
66afaf9a737f0b567f958efe,66afaa3a008a57212edff607,7,553.27
66afaf9a737f0b567f958f2e,66afaa36008a57212edff47e,9,861.18
66afaf99737f0b567f958e84,66afaa34008a57212edff401,3,449.02
66afaf98737f0b567f958e00,66afaa35008a57212edff439,3,69.55
66afaf9b737f0b567f9590fc,66afaa34008a57212edff3e7,10,538.19
66afaf9a737f0b567f958f38,66afaa37008a57212edff506,4,124.54
66afaf99737f0b567f958ec4,66afaa38008a57212edff542,2,204.11
66afaf9b737f0b567f95900d,66afaa34008a57212edff3bc,2,371.79
66afaf9c737f0b567f959191,66afaa35008a57212edff43c,5,677.88
66afaf9c737f0b567f959177,66afaa33008a57212edff3b1,7,899.21
66afaf98737f0b567f958dee,66afaa35008a57212edff45f,10,245.33
66afaf9a737f0b567f958fbe,66afaa32008a57212edff350,10,889.98
66afaf9a737f0b567f958f49,66afaa31008a57212edff2dd,8,77.4
66afaf98737f0b567f958df2,66afaa36008a57212edff48c,7,483.47
66afaf9b737f0b567f958fee,66afaa37008a57212edff4fd,8,137.48
66afaf9a737f0b567f958f7a,66afaa38008a57212edff519,7,911.78
66afaf9c737f0b567f95915e,66afaa39008a57212edff59e,5,962.07
66afaf9b737f0b567f9590b7,66afaa35008a57212edff427,9,716.07
66afaf9b737f0b567f95905e,66afaa3a008a57212edff613,8,822.41
66afaf99737f0b567f958e79,66afaa34008a57212edff3e4,7,371.53
66afaf99737f0b567f958e79,66afaa33008a57212edff38a,9,831.89
66afaf99737f0b567f958e6a,66afaa30008a57212edff2d6,9,366.69
66afaf99737f0b567f958e3c,66afaa3a008a57212edff5ee,5,765.47
66afaf9b737f0b567f958fff,66afaa33008a57212edff37f,4,384.17
66afaf98737f0b567f958df2,66afaa3a008a57212edff5fb,7,914.8
66afaf9c737f0b567f959169,66afaa32008a57212edff327,3,176.52
66afaf99737f0b567f958e3d,66afaa3a008a57212edff606,6,435.66
66afaf98737f0b567f958e1a,66afaa3a008a57212edff642,1,712.54
66afaf99737f0b567f958e56,66afaa33008a57212edff3ab,9,530.73
66afaf9c737f0b567f95916e,66afaa37008a57212edff4bc,5,733.09
66afaf98737f0b567f958e0e,66afaa38008a57212edff543,2,885.16
66afaf9b737f0b567f95906c,66afaa39008a57212edff57a,5,793.31
66afaf99737f0b567f958e99,66afaa3b008a57212edff652,10,675.31
66afaf9a737f0b567f958fac,66afaa39008a57212edff5bc,6,37.24
66afaf9c737f0b567f959164,66afaa34008a57212edff3e2,2,706.93
66afaf9b737f0b567f958fd9,66afaa36008a57212edff487,1,64.26
66afaf9b737f0b567f959002,66afaa33008a57212edff362,1,237.75
66afaf98737f0b567f958e06,66afaa38008a57212edff520,10,63.07
66afaf98737f0b567f958dcd,66afaa37008a57212edff506,5,844.91
66afaf98737f0b567f958dcb,66afaa35008a57212edff450,10,175.98
66afaf98737f0b567f958dda,66afaa34008a57212edff407,2,166.31
66afaf99737f0b567f958e31,66afaa35008a57212edff40e,4,893.6
66afaf9c737f0b567f959122,66afaa39008a57212edff58d,2,915.65
66afaf9c737f0b567f959171,66afaa31008a57212edff2fb,10,48.39
66afaf99737f0b567f958e45,66afaa38008a57212edff511,3,210.29
66afaf9b737f0b567f9590fa,66afaa3a008a57212edff62c,6,663.38
66afaf98737f0b567f958ddc,66afaa32008a57212edff34c,9,704.53
66afaf98737f0b567f958e0e,66afaa3b008a57212edff654,8,455.96
66afaf9b737f0b567f958fff,66afaa31008a57212edff2df,2,439.64
66afaf9b737f0b567f958ff8,66afaa33008a57212edff39d,2,995.18
66afaf98737f0b567f958df2,66afaa36008a57212edff473,5,134.02
66afaf9b737f0b567f9590f9,66afaa34008a57212edff3df,5,840.92
66afaf9b737f0b567f958fe8,66afaa3a008a57212edff60e,7,555.72
66afaf99737f0b567f958e52,66afaa38008a57212edff53d,7,175.28
66afaf9b737f0b567f958fec,66afaa3a008a57212edff642,5,322.82
66afaf9c737f0b567f95918e,66afaa35008a57212edff45c,5,855.48
66afaf9b737f0b567f959004,66afaa3a008a57212edff5f4,2,901.38
66afaf9b737f0b567f959056,66afaa33008a57212edff394,3,380.52
66afaf9c737f0b567f959197,66afaa34008a57212edff3d1,6,783.79
66afaf9b737f0b567f95900b,66afaa37008a57212edff4f9,10,552.82
66afaf9a737f0b567f958f77,66afaa35008a57212edff433,7,170.14
66afaf9b737f0b567f959034,66afaa35008a57212edff453,4,306.59
66afaf9b737f0b567f958ff9,66afaa36008a57212edff472,1,697.07
66afaf98737f0b567f958db8,66afaa36008a57212edff46c,1,999.64
66afaf9c737f0b567f95913a,66afaa38008a57212edff54d,2,598.96
66afaf9b737f0b567f959025,66afaa38008a57212edff546,9,690.28
66afaf99737f0b567f958ebe,66afaa34008a57212edff3db,9,963.38
66afaf9c737f0b567f959168,66afaa32008a57212edff33a,1,849.21
66afaf98737f0b567f958e1f,66afaa37008a57212edff4c8,10,658.72
66afaf9b737f0b567f959041,66afaa35008a57212edff462,9,103.05
66afaf99737f0b567f958e88,66afaa39008a57212edff589,8,942.81
66afaf98737f0b567f958df9,66afaa3a008a57212edff5e2,8,379
66afaf9a737f0b567f958f20,66afaa3a008a57212edff5e4,8,304.53
66afaf9a737f0b567f958f63,66afaa33008a57212edff368,5,435.14
66afaf9c737f0b567f959162,66afaa33008a57212edff37d,10,960.16
66afaf9b737f0b567f9590cb,66afaa37008a57212edff4f4,2,540.54
66afaf98737f0b567f958dea,66afaa34008a57212edff3f0,3,990.93
66afaf9b737f0b567f9590db,66afaa34008a57212edff3b9,1,269.69
66afaf9b737f0b567f959103,66afaa33008a57212edff379,5,936.94
66afaf98737f0b567f958e08,66afaa35008a57212edff44e,6,907.91
66afaf9b737f0b567f9590cc,66afaa36008a57212edff47c,1,133.13
66afaf9b737f0b567f9590c3,66afaa38008a57212edff54c,6,115.2
66afaf9c737f0b567f959108,66afaa37008a57212edff4d8,10,227.53
66afaf99737f0b567f958ecb,66afaa38008a57212edff529,9,93.41
66afaf9b737f0b567f9590fb,66afaa37008a57212edff505,2,284.01
66afaf98737f0b567f958df5,66afaa3a008a57212edff5de,2,451.05
66afaf9b737f0b567f959065,66afaa39008a57212edff57b,2,123.67
66afaf99737f0b567f958ed3,66afaa35008a57212edff452,8,776.38
66afaf9a737f0b567f958fc6,66afaa3a008a57212edff5d4,5,827.05
66afaf9b737f0b567f959060,66afaa37008a57212edff4da,2,261.47
66afaf98737f0b567f958e0b,66afaa37008a57212edff4cf,8,188.65
66afaf9b737f0b567f958ff4,66afaa34008a57212edff3dd,6,22.6
66afaf9a737f0b567f958faa,66afaa36008a57212edff46c,4,102.16
66afaf9a737f0b567f958f2f,66afaa37008a57212edff4ba,6,890.57
66afaf9a737f0b567f958fc6,66afaa39008a57212edff5c7,6,178.57
66afaf9a737f0b567f958f13,66afaa34008a57212edff3e8,5,862.11
66afaf9a737f0b567f958ef9,66afaa34008a57212edff3fd,3,70.37
66afaf99737f0b567f958ea4,66afaa37008a57212edff4b8,7,348.13
66afaf9a737f0b567f958f39,66afaa3a008a57212edff5ef,4,885.51
66afaf9a737f0b567f958fc7,66afaa32008a57212edff314,7,321.79
66afaf9b737f0b567f959008,66afaa38008a57212edff54f,6,252.63
66afaf98737f0b567f958def,66afaa38008a57212edff54a,3,467.41
66afaf9b737f0b567f95907e,66afaa35008a57212edff43d,3,55.57
66afaf9b737f0b567f9590c9,66afaa36008a57212edff4a4,8,544.7
66afaf9a737f0b567f958f86,66afaa34008a57212edff405,10,911.38
66afaf9a737f0b567f958f1f,66afaa3a008a57212edff606,9,548.24
66afaf9a737f0b567f958f13,66afaa35008a57212edff429,7,342.88
66afaf9a737f0b567f958f85,66afaa39008a57212edff5b0,7,792.62
66afaf9a737f0b567f958f1f,66afaa35008a57212edff42e,6,472.06
66afaf99737f0b567f958e94,66afaa31008a57212edff2f2,1,844.7
66afaf98737f0b567f958dc5,66afaa32008a57212edff330,4,579.79
66afaf98737f0b567f958dd9,66afaa3a008a57212edff61b,7,13.21
66afaf9b737f0b567f9590d4,66afaa39008a57212edff5b3,5,619.42
66afaf9a737f0b567f958efb,66afaa36008a57212edff475,2,79.28
66afaf99737f0b567f958e49,66afaa3a008a57212edff60e,1,127.59
66afaf9a737f0b567f958f7b,66afaa35008a57212edff415,2,288.87
66afaf9b737f0b567f95909d,66afaa34008a57212edff3d6,8,461.5
66afaf9b737f0b567f959034,66afaa38008a57212edff519,6,248.23
66afaf9a737f0b567f958f12,66afaa33008a57212edff3af,8,412.92
66afaf98737f0b567f958dbb,66afaa3a008a57212edff635,4,931.33
66afaf9c737f0b567f959185,66afaa34008a57212edff3df,6,240.27
66afaf99737f0b567f958e60,66afaa34008a57212edff406,8,511.34
66afaf98737f0b567f958e0f,66afaa39008a57212edff575,10,271.16
66afaf9a737f0b567f958f82,66afaa36008a57212edff479,4,191.66
66afaf9a737f0b567f958f94,66afaa32008a57212edff319,8,331.3
66afaf9b737f0b567f959092,66afaa38008a57212edff547,7,197.1
66afaf9b737f0b567f95901f,66afaa33008a57212edff392,2,414.19
66afaf98737f0b567f958dec,66afaa32008a57212edff326,10,577.76
66afaf99737f0b567f958ed5,66afaa3a008a57212edff5dc,10,286.7
66afaf9b737f0b567f9590c8,66afaa35008a57212edff42e,10,366.39
66afaf99737f0b567f958ee6,66afaa38008a57212edff54f,4,24.45
66afaf99737f0b567f958e9e,66afaa38008a57212edff50a,6,818.83
66afaf98737f0b567f958dd1,66afaa36008a57212edff489,2,628.98
66afaf9b737f0b567f9590c4,66afaa37008a57212edff4f7,9,37.99
66afaf9a737f0b567f958f59,66afaa35008a57212edff44c,2,793.88
66afaf9b737f0b567f95906a,66afaa36008a57212edff48e,10,936.04
66afaf9b737f0b567f95904e,66afaa39008a57212edff5a4,8,564.47
66afaf9b737f0b567f9590b3,66afaa39008a57212edff573,2,169.16
66afaf99737f0b567f958e6a,66afaa31008a57212edff2ed,5,360.33
66afaf9c737f0b567f959173,66afaa34008a57212edff3f1,8,781.65
66afaf9a737f0b567f958f14,66afaa34008a57212edff3c3,8,199.31
66afaf9b737f0b567f9590b0,66afaa32008a57212edff337,4,232.25
66afaf99737f0b567f958e37,66afaa34008a57212edff3d5,10,547.42
66afaf9a737f0b567f958f53,66afaa37008a57212edff4cf,6,818.13
66afaf9b737f0b567f95903d,66afaa35008a57212edff429,10,304.46
66afaf98737f0b567f958dbb,66afaa33008a57212edff3aa,7,845.67
66afaf98737f0b567f958df4,66afaa32008a57212edff31f,2,672
66afaf98737f0b567f958dca,66afaa39008a57212edff570,2,758.24
66afaf9c737f0b567f95915e,66afaa38008a57212edff54a,9,859.76
66afaf9b737f0b567f959051,66afaa31008a57212edff2f9,3,613.16
66afaf98737f0b567f958e2b,66afaa3a008a57212edff5d2,9,120.47
66afaf99737f0b567f958e6c,66afaa38008a57212edff52d,10,118.98
66afaf98737f0b567f958df1,66afaa39008a57212edff5ac,6,997.03
66afaf9b737f0b567f959052,66afaa38008a57212edff562,2,963.5
66afaf9b737f0b567f95905f,66afaa38008a57212edff533,8,469.4
66afaf9b737f0b567f959030,66afaa35008a57212edff44e,6,499.11
66afaf9a737f0b567f958f05,66afaa34008a57212edff3e1,1,583.4
66afaf99737f0b567f958e4c,66afaa33008a57212edff39d,10,707.27
66afaf9b737f0b567f959022,66afaa3a008a57212edff60c,7,914.97
66afaf9b737f0b567f959034,66afaa37008a57212edff4c8,8,969.92
66afaf9a737f0b567f958fc7,66afaa3a008a57212edff5d9,3,56.02
66afaf98737f0b567f958dd9,66afaa31008a57212edff2df,6,659.21
66afaf9a737f0b567f958efe,66afaa30008a57212edff2d5,1,312.82
66afaf98737f0b567f958e2e,66afaa38008a57212edff564,6,647.24
66afaf9a737f0b567f958f27,66afaa33008a57212edff368,1,756.71
66afaf9c737f0b567f95911a,66afaa32008a57212edff32a,3,947.52
66afaf98737f0b567f958e19,66afaa36008a57212edff469,9,352.74
66afaf9b737f0b567f959025,66afaa3a008a57212edff623,10,59.14
66afaf9b737f0b567f958ff1,66afaa36008a57212edff497,3,281.93
66afaf9b737f0b567f9590d1,66afaa36008a57212edff49e,1,257.77
66afaf99737f0b567f958ee3,66afaa37008a57212edff4c1,10,48.68
66afaf9a737f0b567f958fb9,66afaa34008a57212edff3f8,5,456.75
66afaf9b737f0b567f9590d8,66afaa3b008a57212edff653,8,575.42
66afaf9a737f0b567f958f1d,66afaa37008a57212edff4bc,4,179.35
66afaf9b737f0b567f9590a0,66afaa38008a57212edff559,2,189.87
66afaf99737f0b567f958e53,66afaa36008a57212edff4b6,7,102.91
66afaf9b737f0b567f959095,66afaa38008a57212edff510,9,251.09
66afaf9a737f0b567f958fc4,66afaa34008a57212edff3fb,7,744.94
66afaf9a737f0b567f958f9f,66afaa39008a57212edff5ca,1,436.49
66afaf9b737f0b567f95905a,66afaa36008a57212edff48b,3,558.95
66afaf9c737f0b567f95911a,66afaa36008a57212edff47e,9,97.89
66afaf9a737f0b567f958f83,66afaa34008a57212edff3c1,8,640.89
66afaf99737f0b567f958e7f,66afaa36008a57212edff4af,5,640.53
66afaf9b737f0b567f958ff8,66afaa32008a57212edff356,6,886.25
66afaf9a737f0b567f958f97,66afaa32008a57212edff33c,6,457.66
66a7df4266f8275bab439121,66afaa3a008a57212edff643,7,427.28
66afaf9a737f0b567f958f72,66afaa3a008a57212edff615,8,965.58
66afaf9c737f0b567f95918b,66afaa3b008a57212edff660,9,877.28
66afaf9b737f0b567f9590a3,66afaa3a008a57212edff61c,4,619.23
66afaf99737f0b567f958e8f,66afaa38008a57212edff513,8,386.63
66afaf9a737f0b567f958fb1,66afaa33008a57212edff3a5,5,292.4
66afaf9b737f0b567f95907d,66afaa32008a57212edff31d,2,803.19
66afaf9b737f0b567f9590a7,66afaa33008a57212edff39c,1,309.02
66afaf9b737f0b567f958fdb,66afaa37008a57212edff4eb,8,503.43
66afaf9b737f0b567f95907c,66afaa38008a57212edff520,7,910.48
66afaf9b737f0b567f959053,66afaa37008a57212edff4c7,10,828.6
66afaf9b737f0b567f9590b9,66afaa39008a57212edff5ce,5,592.74
66afaf9c737f0b567f95911c,66afaa39008a57212edff58b,1,789.67
66afaf9b737f0b567f9590c7,66afaa38008a57212edff533,5,331.7
66afaf9b737f0b567f959101,66afaa36008a57212edff497,4,338.81
66afaf9b737f0b567f9590b2,66afaa32008a57212edff320,2,758.61
66afaf9c737f0b567f959110,66afaa34008a57212edff3fa,2,490.05
66afaf9b737f0b567f9590a0,66afaa37008a57212edff4ed,10,609.74
66afaf99737f0b567f958e39,66afaa3b008a57212edff64e,6,495.39
66afaf9a737f0b567f958fc3,66afaa3a008a57212edff5f4,8,732.1
66afaf99737f0b567f958e53,66afaa3a008a57212edff602,1,476.99
66afaf9c737f0b567f95911e,66afaa38008a57212edff525,6,466.58
66afaf9a737f0b567f958f1f,66afaa36008a57212edff47f,3,870.35
66afaf99737f0b567f958e56,66afaa39008a57212edff5ab,5,466.88
66afaf9c737f0b567f959146,66afaa33008a57212edff362,5,440.93
66afaf9a737f0b567f958f74,66afaa3a008a57212edff5d8,8,713.77
66afaf9b737f0b567f958ff8,66afaa32008a57212edff30e,1,225.81
66afaf99737f0b567f958e62,66afaa33008a57212edff3a8,10,457.27
66afaf9c737f0b567f959174,66afaa3a008a57212edff646,5,451.15
66afaf9a737f0b567f958f28,66afaa3a008a57212edff5e7,7,606.46
66afaf98737f0b567f958e1a,66afaa36008a57212edff4a8,4,241.71
66afaf99737f0b567f958ec7,66afaa32008a57212edff312,1,40.5
66afaf9a737f0b567f958f17,66afaa35008a57212edff45a,7,158.75
66afaf9a737f0b567f958fa4,66afaa39008a57212edff598,3,312.3
66afaf98737f0b567f958e1f,66afaa38008a57212edff530,2,969.77
66afaf99737f0b567f958e7d,66afaa38008a57212edff565,7,375.13
66afaf9b737f0b567f9590df,66afaa33008a57212edff3a5,1,488.38
66afaf99737f0b567f958ec3,66afaa3a008a57212edff5f5,1,749.32
66afaf9b737f0b567f9590f3,66afaa33008a57212edff37f,8,735.57
66afaf99737f0b567f958e41,66afaa3b008a57212edff665,6,425.4
66afaf9b737f0b567f9590cc,66afaa34008a57212edff401,5,459.92
66afaf99737f0b567f958e7d,66afaa35008a57212edff434,10,392.11
66afaf9b737f0b567f95907a,66afaa30008a57212edff2d5,4,811.63
66afaf9a737f0b567f958fa8,66afaa37008a57212edff4d2,10,427.91
66afaf9c737f0b567f95911e,66afaa36008a57212edff466,10,821.8
66afaf98737f0b567f958dca,66afaa37008a57212edff4eb,5,554.49
66afaf9a737f0b567f958fb3,66afaa39008a57212edff5c7,5,78.34
66afaf9b737f0b567f959026,66afaa34008a57212edff3d5,5,588.43
66afaf9c737f0b567f959185,66afaa38008a57212edff50f,2,667.02
66afaf9a737f0b567f958f7a,66afaa32008a57212edff33a,3,416.44
66afaf9b737f0b567f958fe3,66afaa34008a57212edff3cd,4,586.84
66afaf9b737f0b567f958fd6,66afaa34008a57212edff3d1,9,122.63
66afaf98737f0b567f958dc2,66afaa3b008a57212edff65e,1,723.53
66afaf9b737f0b567f959028,66afaa37008a57212edff4e9,8,146.15
66afaf9b737f0b567f959048,66afaa38008a57212edff54b,4,891.69
66afaf9b737f0b567f958fdb,66afaa33008a57212edff37d,9,965.03
66afaf98737f0b567f958def,66afaa33008a57212edff3a0,1,83.67
66afaf99737f0b567f958ee9,66afaa39008a57212edff594,8,107.06
66afaf99737f0b567f958e49,66afaa37008a57212edff4ee,10,991.11
66afaf98737f0b567f958df8,66afaa35008a57212edff43b,2,724.3
66afaf98737f0b567f958e1f,66afaa35008a57212edff424,1,385.42
66afaf98737f0b567f958e0b,66afaa35008a57212edff410,1,645.66
66afaf98737f0b567f958e00,66afaa38008a57212edff54b,2,736.58
66afaf98737f0b567f958dec,66afaa3a008a57212edff5d1,2,678.17
66afaf99737f0b567f958e5f,66afaa33008a57212edff36c,3,318.6
66afaf9a737f0b567f958f48,66afaa38008a57212edff563,7,597.24
66afaf9c737f0b567f95910a,66afaa31008a57212edff2fe,6,453.26
66afaf9c737f0b567f959146,66afaa35008a57212edff420,8,975.12
66afaf9a737f0b567f958f1e,66afaa34008a57212edff3c5,1,542.75
66afaf9c737f0b567f959163,66afaa36008a57212edff480,2,667.81
66afaf9a737f0b567f958f9d,66afaa31008a57212edff2ff,6,105.28
66afaf9c737f0b567f95911f,66afaa39008a57212edff5b5,4,983.03
66afaf9b737f0b567f95903c,66afaa3a008a57212edff62f,6,100.46
66afaf9a737f0b567f958f2c,66afaa3a008a57212edff5d3,7,174.79
66afaf9b737f0b567f9590b4,66afaa35008a57212edff454,8,374.68
66afaf9b737f0b567f95901b,66afaa33008a57212edff3b2,5,208.08
66afaf9b737f0b567f959091,66afaa3a008a57212edff622,9,315.2
66afaf9b737f0b567f95902b,66afaa3a008a57212edff601,6,275.35
66afaf9c737f0b567f959121,66afaa36008a57212edff46a,4,696.54
66afaf98737f0b567f958dce,66afaa36008a57212edff492,5,294.66
66afaf9b737f0b567f959079,66afaa37008a57212edff4dd,3,647.03
66afaf99737f0b567f958eee,66afaa3a008a57212edff606,2,241.9
66afaf99737f0b567f958ec1,66afaa36008a57212edff48b,5,787.54
66afaf9b737f0b567f95903c,66afaa37008a57212edff4c2,9,448.34
66afaf9b737f0b567f958fd8,66afaa32008a57212edff355,10,596.75
66afaf99737f0b567f958e4c,66afaa34008a57212edff3f7,10,434.2
66afaf98737f0b567f958dd0,66afaa36008a57212edff46e,9,756.62
66afaf9b737f0b567f959057,66afaa3b008a57212edff666,7,200.1
66afaf9b737f0b567f9590d9,66afaa36008a57212edff48c,1,68.17
66afaf98737f0b567f958dea,66afaa33008a57212edff399,3,315.44
66afaf9b737f0b567f9590d8,66afaa35008a57212edff452,9,636.34
66afaf9b737f0b567f9590ef,66afaa37008a57212edff4f0,6,781.9
66afaf9b737f0b567f9590f5,66afaa3a008a57212edff5e0,7,909.45
66afaf9b737f0b567f9590b1,66afaa3a008a57212edff5d4,4,468.24
66afaf99737f0b567f958ee0,66afaa33008a57212edff382,5,361.32
66afaf9b737f0b567f95906d,66afaa33008a57212edff375,8,994.22
66afaf99737f0b567f958e7d,66afaa35008a57212edff45a,1,375.46
66afaf9a737f0b567f958f31,66afaa33008a57212edff380,4,409.59
66afaf9b737f0b567f959005,66afaa32008a57212edff333,1,489.25
66afaf98737f0b567f958de9,66afaa38008a57212edff558,2,879.98
66afaf8b737f0b567f958db1,66afaa3a008a57212edff5d5,10,588.62
66afaf98737f0b567f958e1c,66afaa35008a57212edff41b,2,735.71
66afaf99737f0b567f958e99,66afaa36008a57212edff496,4,312.79
66afaf9a737f0b567f958f43,66afaa38008a57212edff51e,1,816.16
66afaf9c737f0b567f959111,66afaa34008a57212edff3c1,10,482.13
66afaf9a737f0b567f958ef5,66afaa32008a57212edff321,8,304.72
66afaf9a737f0b567f958f55,66afaa35008a57212edff445,1,394.8
66afaf9b737f0b567f958feb,66afaa39008a57212edff5c0,1,723.52
66afaf9c737f0b567f959198,66afaa3a008a57212edff626,10,508.17
66afaf99737f0b567f958e61,66afaa37008a57212edff4c2,7,449.6
66afaf9b737f0b567f9590fe,66afaa34008a57212edff3fc,9,755.33
66afaf9a737f0b567f958f4f,66afaa37008a57212edff4ec,1,21.82
66afaf98737f0b567f958e04,66afaa38008a57212edff555,2,22.6
66afaf98737f0b567f958dbd,66afaa3b008a57212edff64d,7,925.23
66afaf9a737f0b567f958f46,66afaa39008a57212edff5b6,8,877.8
66afaf9c737f0b567f959174,66afaa34008a57212edff3ea,9,821.47
66afaf99737f0b567f958ec6,66afaa38008a57212edff562,3,725.05
66afaf9c737f0b567f959140,66afaa3a008a57212edff5d2,5,710.02
66afaf9b737f0b567f959036,66afaa35008a57212edff422,5,918.41
66afaf99737f0b567f958e56,66afaa3a008a57212edff5e2,10,925.88
66afaf9b737f0b567f9590f7,66afaa35008a57212edff432,3,166.2
66afaf9c737f0b567f959135,66afaa39008a57212edff5c3,6,597.82
66afaf9b737f0b567f95904f,66afaa35008a57212edff450,6,533.45
66afaf9a737f0b567f958fbc,66afaa39008a57212edff57e,6,902.67
66afaf9b737f0b567f959076,66afaa39008a57212edff5ca,7,54.1
66afaf9c737f0b567f959132,66afaa39008a57212edff5cd,4,332.7
66afaf99737f0b567f958ef2,66afaa35008a57212edff45c,4,605.67
66afaf99737f0b567f958e48,66afaa39008a57212edff577,2,156.49
66afaf9c737f0b567f959144,66afaa38008a57212edff50a,7,341.22
66afaf99737f0b567f958e4e,66afaa39008a57212edff5c4,1,798.99
66afaf9b737f0b567f958fde,66afaa36008a57212edff473,6,545
66afaf9a737f0b567f958f76,66afaa30008a57212edff2d4,1,586.68
66afaf9b737f0b567f9590f9,66afaa38008a57212edff53c,10,642.31
66afaf99737f0b567f958e39,66afaa3a008a57212edff633,3,718.02
66afaf99737f0b567f958e8e,66afaa39008a57212edff580,4,809.74
66afaf99737f0b567f958edc,66afaa33008a57212edff363,8,808.39
66afaf9b737f0b567f95902b,66afaa36008a57212edff4af,1,12.91
66afaf9c737f0b567f959167,66afaa3a008a57212edff613,3,312.42
66afaf9b737f0b567f95903d,66afaa37008a57212edff4c5,8,711.16
66afaf9c737f0b567f95911c,66afaa3a008a57212edff5fb,4,258.87
66afaf99737f0b567f958ea5,66afaa37008a57212edff4df,3,763.7
66afaf9a737f0b567f958f0f,66afaa38008a57212edff55b,1,711.7
66afaf99737f0b567f958ef2,66afaa3b008a57212edff658,6,188.03
66afaf99737f0b567f958e95,66afaa35008a57212edff430,10,800.29
66afaf98737f0b567f958df2,66afaa37008a57212edff4f8,2,658.38
66afaf99737f0b567f958ec2,66afaa3a008a57212edff623,7,113.21
66afaf9c737f0b567f959191,66afaa3a008a57212edff635,9,838.2
66afaf9a737f0b567f958f1b,66afaa3b008a57212edff667,8,594.55
66afaf99737f0b567f958ee8,66afaa39008a57212edff56d,9,335.06
66afaf9a737f0b567f958f27,66afaa3a008a57212edff62b,6,881.89
66afaf9c737f0b567f95917c,66afaa32008a57212edff31a,6,967.81
66afaf9b737f0b567f959035,66afaa38008a57212edff54f,8,963.7
66afaf99737f0b567f958e7e,66afaa38008a57212edff526,1,418.81
66afaf99737f0b567f958ed8,66afaa36008a57212edff47e,6,436.86
66afaf98737f0b567f958dd0,66afaa37008a57212edff505,3,837.16
66afaf9a737f0b567f958f72,66afaa33008a57212edff36d,5,984.6
66afaf99737f0b567f958ed7,66afaa34008a57212edff3eb,7,610.21
66afaf9b737f0b567f9590fd,66afaa35008a57212edff417,2,292.95
66afaf9b737f0b567f959015,66afaa31008a57212edff2e2,10,847.05
66afaf99737f0b567f958ec3,66afaa35008a57212edff450,6,489.54
66afaf9c737f0b567f95910b,66afaa37008a57212edff4d9,10,156.56
66afaf9b737f0b567f95903f,66afaa38008a57212edff536,3,862.13
66afaf98737f0b567f958e22,66afaa33008a57212edff3a3,5,973.31
66afaf98737f0b567f958e0f,66afaa34008a57212edff3b8,1,937.48
66afaf9b737f0b567f9590e9,66afaa31008a57212edff2dd,4,779.2
66afaf99737f0b567f958ec5,66afaa3a008a57212edff635,7,397.62
66a7df4266f8275bab439121,66afaa35008a57212edff428,4,546.04
66afaf9b737f0b567f959016,66afaa38008a57212edff518,7,589.32
66afaf9a737f0b567f958fb3,66afaa39008a57212edff5b5,6,136.8
66afaf99737f0b567f958e34,66afaa39008a57212edff5c7,8,845.51
66afaf99737f0b567f958e5a,66afaa39008a57212edff56f,7,820.48
66afaf9a737f0b567f958f35,66afaa3b008a57212edff666,2,584.96
66afaf9a737f0b567f958fb0,66afaa3a008a57212edff621,10,561.42
66afaf98737f0b567f958dc4,66afaa37008a57212edff4cf,1,417.44
66afaf9a737f0b567f958f44,66afaa33008a57212edff39c,4,255.12
66afaf9a737f0b567f958f49,66afaa3a008a57212edff5f4,8,79.23
66afaf9b737f0b567f958fd7,66afaa39008a57212edff5ce,1,947.2
66afaf99737f0b567f958eb5,66afaa32008a57212edff359,4,621.79
66afaf99737f0b567f958ec7,66afaa3b008a57212edff651,5,496.1
66afaf9c737f0b567f959150,66afaa32008a57212edff30d,3,116.45
66afaf9b737f0b567f959101,66afaa39008a57212edff56e,1,717.57
66afaf98737f0b567f958e09,66afaa37008a57212edff4e7,5,107.55
66afaf9b737f0b567f9590d4,66afaa3a008a57212edff648,7,337.45
66afaf9a737f0b567f958fa8,66afaa36008a57212edff494,10,738.03
66afaf9b737f0b567f95905b,66afaa38008a57212edff51a,6,648.74
66afaf9b737f0b567f959039,66afaa3a008a57212edff647,10,571.49
66afaf99737f0b567f958ed0,66afaa35008a57212edff453,1,829.46
66afaf9a737f0b567f958fa3,66afaa34008a57212edff3fb,8,390.85
66afaf98737f0b567f958dea,66afaa3a008a57212edff5d3,6,196.78
66afaf99737f0b567f958e81,66afaa36008a57212edff48f,8,60.59
66afaf9b737f0b567f9590f3,66afaa32008a57212edff31b,2,666.78
66afaf99737f0b567f958e45,66afaa3a008a57212edff61e,5,14.24
66afaf9a737f0b567f958fc6,66afaa34008a57212edff3f2,4,965.71
66afaf9a737f0b567f958fa2,66afaa37008a57212edff4b9,7,921
66afaf9b737f0b567f959089,66afaa3a008a57212edff611,10,484.73
66afaf99737f0b567f958ec8,66afaa39008a57212edff571,9,682.37
66afaf99737f0b567f958e3a,66afaa39008a57212edff5a9,5,145.4
66afaf98737f0b567f958e15,66afaa36008a57212edff4b2,9,87.27
66afaf9c737f0b567f959179,66afaa39008a57212edff586,5,258.84
66afaf9b737f0b567f958ff1,66afaa32008a57212edff310,8,395.41
66afaf98737f0b567f958dbf,66afaa3b008a57212edff665,8,457.02
66afaf9a737f0b567f958fc2,66afaa35008a57212edff424,2,334.74
66afaf98737f0b567f958de1,66afaa37008a57212edff4bf,6,726.3
66afaf9b737f0b567f9590f5,66afaa33008a57212edff372,10,11.27
66afaf9a737f0b567f958f0c,66afaa34008a57212edff400,3,770
66afaf9a737f0b567f958fb5,66afaa3a008a57212edff5d5,6,141.17
66afaf99737f0b567f958e7e,66afaa3a008a57212edff5d1,3,641.04
66afaf9c737f0b567f959125,66afaa3a008a57212edff622,10,134.09
66afaf98737f0b567f958dce,66afaa39008a57212edff577,8,887.6
66afaf9a737f0b567f958fc1,66afaa36008a57212edff479,10,659.56
66afaf99737f0b567f958e53,66afaa3a008a57212edff623,6,653.91
66afaf9a737f0b567f958fa0,66afaa31008a57212edff2e2,3,379.91
66afaf99737f0b567f958ecd,66afaa3a008a57212edff640,6,658.96
66afaf9b737f0b567f95906e,66afaa3a008a57212edff5de,7,556.1
66afaf9b737f0b567f958fe4,66afaa31008a57212edff2e0,7,355.36
66afaf99737f0b567f958e83,66afaa35008a57212edff438,6,158.02
66afaf9a737f0b567f958f11,66afaa3a008a57212edff619,1,810.52
66afaf9a737f0b567f958fba,66afaa37008a57212edff4c6,4,244.47
66afaf9a737f0b567f958f85,66afaa3b008a57212edff661,8,62.38
66afaf9a737f0b567f958f57,66afaa32008a57212edff30e,2,864.7
66afaf9a737f0b567f958f23,66afaa36008a57212edff4a6,10,615.91
66afaf9b737f0b567f959066,66afaa33008a57212edff3a1,2,384.45
66afaf9b737f0b567f958fec,66afaa32008a57212edff327,2,379.1
66afaf9b737f0b567f95906c,66afaa35008a57212edff445,1,740.44
66afaf9a737f0b567f958f7c,66afaa31008a57212edff306,9,579.94
66afaf9c737f0b567f95914e,66afaa37008a57212edff501,10,396.96
66afaf9b737f0b567f95908e,66afaa37008a57212edff4c5,4,173.2
66afaf9c737f0b567f959146,66afaa39008a57212edff5a1,9,929.56
66afaf99737f0b567f958e52,66afaa37008a57212edff504,9,283.96
66afaf9b737f0b567f9590dc,66afaa32008a57212edff335,7,841.53
66afaf9a737f0b567f958f59,66afaa36008a57212edff48c,4,764.26
66afaf98737f0b567f958dfc,66afaa3a008a57212edff5e5,9,829.89
66afaf9a737f0b567f958f08,66afaa39008a57212edff5a8,8,138.65
66afaf9b737f0b567f9590ae,66afaa38008a57212edff55b,9,138.61
66afaf9a737f0b567f958fc6,66afaa3a008a57212edff5e5,2,466.01
66afaf9b737f0b567f95902f,66afaa39008a57212edff59e,4,252.19
66afaf9b737f0b567f959044,66afaa31008a57212edff2f5,9,94.89
66afaf99737f0b567f958eb3,66afaa38008a57212edff53b,6,19.96
66afaf9a737f0b567f958f73,66afaa34008a57212edff3c3,5,764.7
66afaf98737f0b567f958dde,66afaa3b008a57212edff66a,5,509.1
66afaf99737f0b567f958e41,66afaa33008a57212edff375,5,344.8
66afaf98737f0b567f958dd0,66afaa38008a57212edff51b,9,20.52
66afaf9c737f0b567f95913e,66afaa34008a57212edff3db,6,763.69
66afaf99737f0b567f958e55,66afaa3b008a57212edff666,6,303.45
66afaf9a737f0b567f958f84,66afaa38008a57212edff567,8,46.25
66afaf98737f0b567f958db5,66afaa32008a57212edff33b,1,698.34
66afaf9a737f0b567f958f26,66afaa32008a57212edff34c,5,184.15
66afaf99737f0b567f958eac,66afaa3a008a57212edff5e9,4,128.59
66afaf9b737f0b567f959096,66afaa38008a57212edff508,3,484.54
66afaf9a737f0b567f958f23,66afaa30008a57212edff2cf,7,697.64
66afaf99737f0b567f958e67,66afaa39008a57212edff5c3,10,843.77
66afaf9a737f0b567f958f82,66afaa34008a57212edff3e6,6,668.29
66afaf9c737f0b567f959117,66afaa3a008a57212edff62d,5,234.82
